run,optimized_profit,baseline_avg_profit
1,3532.049999997277,-25778.355555445447
2,8096.099999986287,-30328.638888911242
3,20597.775000106325,-3079.1416666617556
4,9024.599999994052,-7056.9611110806345
5,17495.15000005188,-6882.720555527932
6,6599.224999989835,-1831.213888892482
7,8970.449999993527,-106.5555555573216
8,21937.97500011934,-22801.731388771
9,37908.67500002491,-8963.686111128945
10,44232.8249997795,-346.65222222360796
11,10863.150000011889,-7777.002777796549
12,19846.400000099035,-2466.9666666591725
13,12698.35000002969,-1660.9777777729155
14,21089.550000071107,-1059.8102777698584
15,8620.224999989947,-6281.097222242392
16,3830.5499999965887,-10201.17166664473
17,19500.150000109614,1038.755555545562
18,11128.17500001974,-1797.5500000066436
19,1697.250000000664,-26900.316666551073
20,6954.499999988977,-6873.238888880644
